{"schemaVersion":"1.0","appDefinitionTemplate":{"id":"/providers/Microsoft.PowerApps/apps/","type":"Microsoft.PowerApps/apps","tags":{"primaryDeviceWidth":"1024","primaryDeviceHeight":"768","sienaVersion":"20210103T075148Z-3.20114.22.0","deviceCapabilities":"","supportsPortrait":"false","supportsLandscape":"true","primaryFormFactor":"Tablet","publisherVersion":"3.20114.22","minimumRequiredApiVersion":"2.2.0","hasComponent":"false","hasUnlockedComponent":"false","isUnifiedRootApp":"false"},"properties":{"appVersion":"2021-01-03T07:51:48Z","lifeCycleId":"Published","createdByClientVersion":{"major":3,"minor":20114,"build":22,"revision":0,"majorRevision":0,"minorRevision":0},"minClientVersion":{"major":3,"minor":20114,"build":22,"revision":0,"majorRevision":0,"minorRevision":0},"backgroundColor":"rgba(37, 62, 143, 1)","backgroundImageUri":"/1387156469635826891/N82051234-9204-4280-92ed-c8908cbcae8c-logoSmallFile","displayName":"PDF Reader_0744","description":"Use a PDF reader on PowerApps. Display PDF files, search within the files, zoom in, zoom out, and more.","commitMessage":"","appUris":{"documentUri":{"value":"/1387156469635826891/N25c346fd-1d4c-4fc1-a7a2-cb039997374c-document.msapp"},"imageUris":[]},"createdTime":"0001-01-01T00:00:00Z","lastModifiedTime":"0001-01-01T00:00:00Z","sharedGroupsCount":0,"sharedUsersCount":0,"icons":{"smallIconUri":"/1387156469635826891/Nab0b245a-dfca-41f9-86b6-935262ac03d5-small.png","mediumIconUri":"/1387156469635826891/N067ec0c0-1939-4240-8ab3-51801da07bb4-medium.png","largeIconUri":"/1387156469635826891/N5c82a46d-07c2-472b-895b-204b3aad1bc7-large.png","wideIconUri":"/1387156469635826891/Ne0599859-23a8-4f38-abc6-b443c7218173-wide.png"},"connectionReferences":{},"databaseReferences":{},"almMode":"Environment","performanceOptimizationEnabled":true,"canConsumeAppPass":true,"executionRestrictions":{"isTeamsOnly":false,"dataLossPreventionEvaluationResult":{"status":"Compliant","lastEvaluationDate":"2021-01-03T07:51:58.8564633Z","violationDetails":[]}}},"isAppComponentLibrary":false,"appType":"ClassicCanvasApp","appComponents":[]}}